JointNo,JointType,JointOffset,JointAngle,LinkLength,TwistAngle,JVInitial,JVFinal,Mass,LinkLength1,ActuatedJoint,bt,dx,dy,dz,Ixx,Iyy,Izz,Ixy,Iyz,Izx,Time,Step,gx,gy,gz,Force
1,1,0.2,0,0,-1.570796327,0,1.047197551,9,0,1,0,0,0.1,0,0.01,0.02,0.01,0,0,0,,,,,,
2,1,0.1,0,0,-1.570796327,0,1.047197551,6,0,1,1,0,0,0,0.05,0.06,0.01,0,0,0,,,,,,
3,0,0,0,0,0,0,0,4,0,1,2,0,0,0,0.4,0.4,0.01,0,0,0,,,,,,
4,1,0.6,0,0,1.570796327,0,1.047197551,1,0,1,3,0,0.1,0,0.001,0.001,0.0005,0,0,0,,,,,,
5,1,0,0,0,-1.570796327,0,1.047197551,0.6,0,1,4,0,0,0.06,0.0005,0.0005,0.0002,0,0,0,,,,,,
6,1,0,0,0,0,0,1.047197551,0.5,0,1,5,0,0,0.2,0.003,0.002,0.002,0,0,0,,,,,,
